Position,Const,Created,Modified,Description,Title,URL,Title Type,IMDb Rating,Runtime (mins),Year,Genres,Num Votes,Release Date,Directors,Your Rating,Date Rated
1,tt0020437,2020-10-03,2020-10-03,,South Sea Rose,https://www.imdb.com/title/tt0020437/,movie,6.6,69,1929,"Comedy, Drama",5,1929-12-08,Allan Dwan,,
2,tt0019226,2020-10-03,2020-10-03,,Oh Kay!,https://www.imdb.com/title/tt0019226/,movie,7.1,60,1928,"Comedy, Romance",18,1928-08-26,Mervyn LeRoy,,
3,tt0019233,2020-10-03,2020-10-03,,On Trial,https://www.imdb.com/title/tt0019233/,movie,6.3,91,1928,"Drama, Mystery, Romance",7,1928-11-14,Archie Mayo,,
4,tt0019834,2020-10-03,2020-10-03,,The Drake Case,https://www.imdb.com/title/tt0019834/,movie,6.5,54,1929,"Crime, Drama, Mystery",11,1929-09-01,Edward Laemmle,,
5,tt0021360,2020-10-03,2020-10-03,,She Couldn't Say No,https://www.imdb.com/title/tt0021360/,movie,4.7,70,1930,"Action, Drama, Music, Romance",9,1930-02-15,Lloyd Bacon,,
6,tt0021163,2020-10-03,2020-10-03,,Murder Will Out,https://www.imdb.com/title/tt0021163/,movie,,67,1930,"Drama, Mystery",,1930-04-06,Clarence G. Badger,,
7,tt0020749,2020-10-03,2020-10-03,,Caught Short,https://www.imdb.com/title/tt0020749/,movie,,75,1930,Comedy,,1930-05-10,Charles Reisner,,
8,tt0020421,2020-10-03,2020-10-03,,Smiling Irish Eyes,https://www.imdb.com/title/tt0020421/,movie,3.5,90,1929,"Drama, Music, Romance",17,1929-07-28,William A. Seiter,,
9,tt0018917,2020-10-03,2020-10-03,,Freedom of the Press,https://www.imdb.com/title/tt0018917/,movie,,70,1928,Mystery,,1928-10-28,George Melford,,
10,tt0017462,2020-10-03,2020-10-03,,The Third Degree,https://www.imdb.com/title/tt0017462/,movie,5.5,80,1926,Romance,24,1926-12-01,Michael Curtiz,,
